,Event,Site,White,Black,Result,UTCDate,UTCTime,WhiteElo,BlackElo,WhiteRatingDiff,BlackRatingDiff,ECO,Opening,TimeControl,Termination,moves
0,RatedBullettournamenthttps://lichess.org/tournament/xZG8WDjj,https://lichess.org/ZooATFjp,BlackCurtain,kasperj,0-1,2015.10.31,23:00:03,1758,1779,-15,11,?,?,60+0,Abandoned,0-1
1,RatedBullettournamenthttps://lichess.org/tournament/xZG8WDjj,https://lichess.org/KoispGhg,jonisace321,kenshiro2000,1-0,2015.10.31,23:00:03,1853,1821,10,-10,B00,King'sPawn,60+0,Abandoned,1.e41-0
2,RatedBullettournamenthttps://lichess.org/tournament/xZG8WDjj,https://lichess.org/drsicob3,Oecleus,LordoftheNoobs,1-0,2015.10.31,23:00:03,1500,1315,104,-6,A07,King'sIndianAttack,60+0,Timeforfeit,1.g3d52.Nf3Nc63.d4Bg44.Bg2e65.O-Oh56.c4Bxf37.Bxf3h48.Bg2hxg39.hxg3Nf610.Nd2Ng411.Nf3Qf612.Qd3g513.Bxg5Qg714.e4Qh715.Rfe11-0
3,RatedClassicaltournamenthttps://lichess.org/tournament/gjw90BZZ,https://lichess.org/mRqy1j5E,noobdude,Philmus,1-0,2015.10.31,23:00:03,1538,1330,6,-11,C60,RuyLopez:AlapinDefense,600+0,Normal,1.e4e52.Nf3Nc63.Bb5Bb44.Bxc6bxc65.Nxe5d66.Nf3d57.c3Nf68.exd5cxd59.cxb4c610.O-OO-O11.d4Bg412.h3Bh513.Nbd2h614.Re1Qd615.a3Ne416.Nxe4Bxf317.Qxf3dxe418.Rxe4Rfe819.Bf4Qd720.Rae1Rxe421.Qxe4Re822.Qxe8+Qxe823.Rxe8+Kh724.Rc8g625.Rxc6Kg726.d5f627.d6g528.Bd2Kf829.Bc3Ke830.Bxf6Kd731.Ra61-0
4,RatedBlitztournamenthttps://lichess.org/tournament/qF8r2bGe,https://lichess.org/Ob53Ddfc,Dubinstein,pepellou,0-1,2015.10.31,23:00:03,1797,2073,-4,6,B01,ScandinavianDefense:Gubinsky-MeltsDefense,300+0,Normal,1.e4d52.exd5Qxd53.Nc3Qd64.Bc4Nf65.Nge2c66.d3Bg47.O-Oe68.f3Bh59.Bf4Qc5+10.Kh1Nbd711.Qe1Be712.Qf2Qxf213.Rxf2Nd514.Bxd5exd515.Ng3Bg616.d4O-O-O17.Re1Bf618.Be5Nxe519.dxe5Rhe820.f4Bh421.Nd1f622.Rfe2Bxg323.hxg3Bh524.Re3fxe525.Rxe5Rxe526.fxe5Bxd127.Rxd1Re828.Re1Kd729.Kg1Ke630.Kf2Rf8+31.Ke3Rf532.Kd4b633.Rh1c5+34.Kd3h635.Re1Rxe536.Rf1Rg537.Rf3Ke538.Ke2d439.Kf2Rf540.g4Rf441.Kg3Rxf3+42.gxf3g543.Kg2Kf444.Kf2c445.Ke2b546.a4a60-1
5,RatedBullettournamenthttps://lichess.org/tournament/xZG8WDjj,https://lichess.org/7phy8yiV,ricardoteza,peter_svindler,1-0,2015.10.31,23:00:03,1671,1688,13,-12,C20,King'sPawnGame,60+0,Normal,1.e4e52.g3Nc63.Bg2Nf64.Ne2Bc55.O-OO-O6.h3d67.c3Be68.d4exd49.cxd4Nxd410.Nxd4Bxd411.Qxd4c512.Qe3Qd713.Kh2Bxh314.Bxh3Rfe815.Nc3b516.Bxd7b417.Bxe8bxc318.Bxf7+Kxf719.Qxc3Re820.Qc4+Kg621.e5Ne422.Qxe4+1-0
6,RatedBlitztournamenthttps://lichess.org/tournament/RAQKhJvo,https://lichess.org/4cRpg6ZC,Elmalak,RebelXIX,0-1,2015.10.31,23:00:03,1591,1763,-6,7,A47,Queen'sIndianDefense,180+0,Normal,1.d4Nf62.Nf3b63.Bf4Bb74.e3e65.Be2d56.O-OBd67.Bg5h68.Bxf6Qxf69.Nbd2O-O10.h3Nd711.c4Rae812.cxd5exd513.Re1c514.Bb5Re715.dxc5Nxc516.Nd4Ne617.Nxe6Qxe618.Nf3a619.Be2f520.Nd4Qe521.Bf3Qh2+22.Kf1a523.Ne2Qh1+24.Ng1Ba6+25.Be2Bxe2+26.Qxe2Bh227.Qd2Qxg1+28.Ke2Qxg229.Rh1Qxh330.Rag1Qh5+31.f3f432.e4dxe433.Rg2exf3+34.Kf2Re2+35.Qxe2fxe20-1
7,RatedBullettournamenthttps://lichess.org/tournament/xZG8WDjj,https://lichess.org/CYKFaFnD,grasshopper,ninja6r,0-1,2015.10.31,23:00:03,1861,1868,-11,12,A00,HungarianOpening,60+0,Timeforfeit,1.g3e52.Bg2Nf63.e4d54.exd5Nxd55.Ne2Nc66.O-OBc57.d3O-O8.Nd2h69.a3Be710.b4Bg411.f3Be612.Nc4a613.Bb2f614.Qc1Re815.Nc3Bf716.Nxd5Bxd517.Re1a518.b5Nb819.a4Nd720.Ne3Bf721.c4Nc522.Rd1Nb323.Qc2Nxa124.Bxa1Bc525.Qe2Bd426.Kh1Bxa127.Rxa1Qd428.Rd1Rad829.Nf5Qc530.Qc2Qb431.Ne3Qxa432.Qxa4b633.Qb3Rd434.Nd5Bxd535.cxd5Rd836.f4e437.dxe4Kh838.Rxd4Rd639.Qc4Kh740.Qxc7Rd70-1
8,RatedBullettournamenthttps://lichess.org/tournament/xZG8WDjj,https://lichess.org/c3nojKDU,scotchnchess,subteacher,1-0,2015.10.31,23:00:03,1808,1808,11,-12,D10,SlavDefense#2,60+0,Timeforfeit,1.d4c62.c4d53.Nc3Nf64.e3e65.Bd3Be76.Nge2Nbd77.O-Oh68.b3O-O9.Bb2b610.cxd5cxd511.e4dxe412.Nxe4a613.Nxf6+Nxf614.Qc2Bb715.Rad1Rc816.Qb1Re817.d5Nxd518.Be4Qc719.Bxd5Bxd520.Nf4Qb721.Nxd5exd522.Qf5Bf823.Rxd5Qe724.Rd7Qg525.Qxf7+Kh826.h4Qg427.f3Qg328.Rd4Rc229.Rg41-0
9,RatedBullettournamenthttps://lichess.org/tournament/xZG8WDjj,https://lichess.org/7S2Scx8i,sztachalom,Pekda,0-1,2015.10.31,23:00:03,2036,2065,-10,12,B20,SicilianDefense:MengariniVariation,60+0,Timeforfeit,1.e4c52.a3Nc63.b4cxb44.axb4d55.b5Nd46.c3Ne67.exd5Qxd58.Na3g69.Nf3Bg710.Bc4Qd811.b6Qxb612.Nb5Nf613.d4O-O14.O-ORd815.Bxe6Bxe616.Rb1Bc417.Na3Qa618.Re1Rac819.Nxc4Rxc420.Rxe7Rxc321.Rbxb7Rf822.Ne5Nd523.Rxf7Bxe524.Rxf8+Kxf825.dxe5Qxb726.Bh6+Kg827.h3Rc728.Qd4Re729.e6Qb1+30.Kh2Qf531.g4Qxe632.f4Qd633.Kg3Re3+34.Kh4Nxf40-1
10,RatedBlitztournamenthttps://lichess.org/tournament/RAQKhJvo,https://lichess.org/J2FFuLCu,aad11,poussemoica,0-1,2015.10.31,23:00:03,1855,1824,-11,77,?,?,180+0,Abandoned,0-1
11,RatedBullettournamenthttps://lichess.org/tournament/xZG8WDjj,https://lichess.org/nXOAW95d,castles,rcx,1-0,2015.10.31,23:00:03,1666,1668,12,-12,E30,Nimzo-IndianDefense:LeningradVariation,60+0,Normal,1.d4Nf62.c4e63.Nc3Bb44.Bg5Bxc3+5.bxc3O-O6.e3h67.Bh4d68.Nf3Nbd79.Bd3c610.Qc2Qc711.Rc1e512.Bg3exd413.cxd4c514.d5b615.e4Bb716.O-ORae817.Rfe1Ne518.Nxe5dxe519.f4exf420.Bxf4g521.Bg3Qc822.e5Nh723.Bxh7+Kh824.e6fxe625.Qg6exd526.cxd5Bxd527.Qc2Bb728.Be5+1-0
12,RatedClassicaltournamenthttps://lichess.org/tournament/gjw90BZZ,https://lichess.org/Eyx5llOs,wll39999,uyusukeleman,1/2-1/2,2015.10.31,23:00:03,1633,1586,-2,1,D02,Queen'sPawnGame:ChigorinVariation,600+0,Normal,1.d4d52.Nf3Nc63.e3Nf64.a3Bg45.Be2Bxf36.Bxf3g67.Nd2Bg78.c4dxc49.Nxc4e610.Bxc6+bxc611.Bd2O-O12.Bb4Re813.O-ONd514.Bc5a515.b4axb416.axb4Rxa117.Qxa1Bf818.Ne5Nxb419.Bxf8Rxf820.Qc3Qd621.Rb1Nd522.Qxc6f623.Qxd6cxd624.Nd7Rd825.Rb7f526.g3h527.Rb8Rxb828.Nxb8Nc329.Nc6Kf730.Kg2Ne431.h4g532.Nd8+Ke733.Nc6+Kf734.f3Nd235.hxg5Kg636.f4Nc437.Ne7+Kf738.Nxf5exf539.Kf3d540.Ke2Kg641.Kd3Kf742.Ke2Kg643.Kf3Kf744.Kf2Kg645.Ke2Kf746.Kd3Kg61/2-1/2
13,RatedBlitztournamenthttps://lichess.org/tournament/RAQKhJvo,https://lichess.org/UUGQcSfD,iouri,deede,1-0,2015.10.31,23:00:03,1895,2015,16,-15,B32,SicilianDefense:Open#3,180+0,Normal,1.e4c52.Nf3Nc63.d4cxd44.Nxd4d65.Nc3e66.Be3Nf67.Be2Be78.O-OO-O9.Qd2a610.Rad1Qc711.f4Rd812.Bf3Rb813.Qf2b514.a3Na515.g4Nc416.Bc1Nxa317.g5Ne818.bxa3Qxc319.f5exf520.exf5Bf821.Bd2Qc522.Nc6Qxf2+23.Rxf2Bxf524.Nxb8Rxb825.Bf4Be626.Rfd2h627.h4hxg528.hxg5g629.Bc6Kg730.Bxe8Rxe831.Bxd6Bxd632.Rxd6Bc433.R1d2Re1+34.Kf2Re335.Kxe3f636.Rxf6Kg837.Rd71-0
14,RatedClassicaltournamenthttps://lichess.org/tournament/gjw90BZZ,https://lichess.org/TxIWYxhi,ChEsSmAgEdDoN,eltucutuco,1-0,2015.10.31,23:00:03,1982,1776,7,-6,A10,EnglishOpening,600+0,Abandoned,1.c41-0
15,RatedBlitzgame,https://lichess.org/ZAtlJjOs,HaroldAcunaJAAS,cvicenie,1-0,2015.10.31,23:00:00,1779,1717,11,-9,C00,FrenchDefense:Queen'sKnight,180+0,Timeforfeit,1.e4e62.Nc3d53.exd5exd54.d4c65.Nf3Bf56.Bd3Bxd37.Qxd3Bd68.O-ONe79.Re1O-O10.Bg5f611.Bh4Ng612.Bg3Na613.Bxd6Qxd614.Qe3Rfe815.Qd2Nc716.Re2Nf417.Re3Rxe318.Qxe3Re819.Qd2Nce620.g3Nh3+21.Kg2Neg522.Nxg5Nxg523.Re1Rxe124.Qxe1Kf725.h4Ne626.Qe3Qb427.Nd1Qxd428.Qxd4Nxd429.c3Ne230.Kf3Nc131.a3Nd332.Ke3Ne533.f4Nc4+34.Kd4Ke635.a4g636.b3Nd237.b4Nb3+38.Kd3a539.Kc2axb440.Kxb3bxc341.Kxc3Kf542.Ne3+Ke443.Nf1Kf344.Kb4Kf245.Nd2Kxg346.Kc5Kxf447.Kb6Ke348.Nf1+Ke249.Ng3+Ke350.Kxb7d451.a5d352.Nf1+Ke253.a6Kxf154.a7d255.a8=Qd1=Q56.Qa6+Ke157.Qa5+Qd258.Qa1+1-0
16,RatedBlitztournamenthttps://lichess.org/tournament/qF8r2bGe,https://lichess.org/14M5vcwY,jalrivi1952,Marcello2015,0-1,2015.10.31,23:00:03,1792,1726,-14,14,B12,Caro-KannDefense:AdvanceVariation,300+0,Timeforfeit,1.d4c62.e4d53.e5Bf54.f4e65.Nf3Bg46.Be2g67.O-ONe78.Be3Nf59.Bf2Be710.c4dxc411.Bxc4O-O12.Be2Nd713.Nc3Nb614.Rc1Bxf315.Bxf3Qc716.b3Rfd817.Qc2Nxd418.Bxd4Rxd419.Ne4Rad820.Qf2Qd721.Qg3Rd322.Qh3Nd523.Nf6+Nxf624.exf6Bxf625.g3Qd4+26.Kh1Qe327.Rce1Qc528.Be4Rd229.g4Rf230.f5Be531.fxg6Rxh2+32.Qxh2Bxh233.gxf7+Kf834.Kxh2Qe5+35.Kh3Rd236.Bg2Qc3+37.Rf3Qb238.Rxe6Rd839.Rf1Qc3+40.Rf3Qg741.Bf1Qg542.Bc4h543.Re4h444.Rf5Qd245.Rf3Qh646.Re6Qg747.Ree3Qd40-1
17,RatedBulletgame,https://lichess.org/DgdIkW6c,thirtysixcm,Malikhash,1-0,2015.10.31,23:00:02,1617,1423,6,-6,A40,Queen'sPawn,120+1,Timeforfeit,1.d4h62.e3a63.e4Nf64.e5Nh75.Bd3d66.f4e67.Nf3d58.O-ONc69.c3Bd710.Qc2g611.Nh4Qxh412.Bxg6fxg613.Qxg6+Kd814.f5Ne715.Qf7Nxf516.Bd2Ng517.Bxg5+hxg518.h3Be819.Qxe6g420.Qxf5gxh321.Qxh31-0
18,RatedBullettournamenthttps://lichess.org/tournament/xZG8WDjj,https://lichess.org/9NYyHrmO,Marcello,TheCoPilot,1-0,2015.10.31,23:00:03,2032,2014,12,-12,A43,OldBenoniDefense,60+0,Timeforfeit,1.d4c52.Nf3cxd43.c3Nc64.cxd4d55.Nc3Nf66.Bg5a67.e3h68.Bh4e69.Bd3Be710.O-Oh511.Bg3Bd612.Ne5Ng413.Nxg4hxg414.Qxg4Bxg315.fxg3g616.Bxg6Qe717.Bxf7+Kd718.Bh5Nd819.Na4Kc620.Rac1+Kd721.Nb6+Kd622.Nxa8Nc623.Qf4+e524.dxe5+Qxe525.Qxe5+Nxe526.Nb6Bf527.Bf3Be428.Bxe4dxe429.Rfd1+Ke630.Rc7Nd331.Rxb7Nxb232.Rdd7Nd333.Re7+Kd634.Rbd7+Kc635.Nd5Rb836.h4Rb1+37.Kh2Nf238.Nf4Ng4+39.Kh3Nxe340.g4Rh1+41.Kg31-0
19,RatedBullettournamenthttps://lichess.org/tournament/xZG8WDjj,https://lichess.org/ye0fvG9A,balkanboy,Grga1,1-0,2015.10.31,23:00:03,1928,1933,12,-9,A40,HorwitzDefense,60+0,Normal,1.d4e62.Nf3d53.Bg5Nf64.Bxf6Qxf65.c4Qd86.c5c67.e4Be78.e5O-O9.Bd3f610.Qc2fxe511.Bxh7+Kh812.Nxe5Bf613.g4Bxe514.dxe5Qg515.Bd3Qf416.Qe2Nd717.f3Qxe518.Qxe5Nxe519.Ke2Nxd320.Kxd3Rxf3+21.Ke2Rf422.h3Rc423.Nd2Rxc524.Rhf1Rc225.Rab1Bd726.Kd3Rxd2+27.Kxd2Rd828.Rf7Kg829.Rbf1e530.g5Bxh331.Rxb7Bxf132.Rxa7Bb533.a4Bc434.Rc7Rd635.a5c536.b3Bxb337.Rxc5Ra638.Kc3Bc439.g6e440.Rc8#1-0
20,RatedBlitzgame,https://lichess.org/Mxh7vnw6,langoustine,DamirUlovec,0-1,2015.10.31,23:00:04,1335,1298,-11,72,B23,SicilianDefense:Closed,300+0,Normal,1.e4c52.Nc3e63.Nf3Nf64.Bb5a65.Bc4b56.Bb3c47.e5cxb38.exf6Qxf69.axb3Be710.Qe2O-O11.d4Bb712.Bg5Qg613.Ne4Re814.Nc5Bc615.Ne5Qxg516.Nxc6Nxc617.Nxd7Rad818.Nc5Nxd419.Ne4Qd520.Nc3Qc621.b4Bxb422.Rd1Nxe223.Rxd8Rxd824.Kxe2Qc4+0-1
21,RatedBulletgame,https://lichess.org/mduBAflR,anacondashoke,AxiomsAndProof,1-0,2015.10.31,23:00:04,2213,2032,6,-6,B01,ScandinavianDefense:Mieses-KotrocVariation,60+0,Timeforfeit,1.e4d52.exd5Qxd53.Bd3Nf64.Nf3Bg45.O-OBxf36.Qxf3Qxf37.gxf3Nc68.Bb5e69.Bxc6+bxc610.d3Bc511.Nd2Nd512.Nc4Kd713.Ne5+Ke714.Nxc6+Kf615.Bd2Rhd816.Nxd8Rxd817.Kg2Bd618.Rfe1h519.Rad1Rh820.h4Rg821.a3Ke722.c4Nf4+23.Kf1g524.hxg5Rxg525.Bxf4Bxf426.Ke2Rg227.Rh1Bg328.Rdf1h429.Rh3f530.Rhh1h331.b4h232.a4Bf433.b5Rg834.a5Rd835.a6Rd636.Rd1Kf637.Rc1Ke538.Rc2Rd439.c5Rd540.b6cxb641.cxb6axb642.a7Ra543.Rc7b544.Rb7Kf645.Rxh2Rxa746.Rxa7Bxh247.Ra6Be548.Rxe6+Kg549.f4+Kxf450.d4Bxd451.Rf6Be352.Rxf5+1-0
22,RatedBlitztournamenthttps://lichess.org/tournament/qF8r2bGe,https://lichess.org/rS6i5Ldj,yak777,VladGl,0-1,2015.10.31,23:00:06,1746,1539,-18,20,B11,Caro-KannDefense,300+0,Normal,1.e4c62.Nc3d53.a3d44.Nce2e55.d3c56.h3Nc67.Ng3Nf68.Bg5Be79.Qf3O-O10.Bxf6Bxf611.Nf5Bxf512.Qxf5Qb613.b3a514.Nf3a415.Be2axb316.cxb3Qxb317.O-ORxa318.Rxa3Qxa319.Bd1Qxd320.Ng5Bxg521.Qxg5Qxe422.f4Qe3+23.Kh1h624.Qg4e425.f5Ne526.Qh5d327.f6Ng628.fxg7Kxg729.Bb3Qg530.Qxg5hxg531.g4e332.Kg2e233.Re1Nf4+34.Kf2d235.Rxe2Nxe236.Kxe2Rd837.Kd1b538.Bc2c439.Bf5b440.Be4b341.Bf5c342.Be4c2+43.Bxc2bxc2+44.Kxc2d1=Q+45.Kc3Qc1+0-1
23,RatedBlitzgame,https://lichess.org/2vLYyn60,vodenicar,Catalan_player,1-0,2015.10.31,23:00:08,1830,1483,3,-3,C30,"King'sGambitDeclined,Queen'sKnightDefense",180+3,Normal,1.e4e52.f4Nc63.Nf3Bd64.Bc4h65.O-Ob66.Nc3a67.a3Bb78.Ba2Nf69.d3Nd410.Nxe5Bxe511.fxe5Nh712.Bxf7+Ke713.Be3Ne614.Nd5+Bxd515.exd5Nc516.d4Ne417.Bg6Neg518.h41-0
24,RatedBlitzgame,https://lichess.org/oPBJN7Ly,Anoniem,sonovovich,0-1,2015.10.31,23:00:09,1872,1690,-23,18,B04,"AlekhineDefense:ModernVariation,AlburtVariation",180+0,Normal,1.e4Nf62.e5Nd53.d4d64.Nf3g65.c4Nb66.Nc3Bg47.h3Bxf38.Qxf3Nc69.Be3Bg710.exd6cxd611.d5Ne512.Qg3Nexc413.Bxc4Nxc414.O-ONxe315.fxe3Qb616.Rxf7Kxf717.Rf1+Ke818.Qg4Qxe3+19.Kh1Rf820.Rxf8+Kxf821.Ne2Be522.Ng1Qf423.Qxf4+Bxf424.Ne2Be525.b3Rc826.Kg1Rc227.Kf1Rxa228.Kf2Rb229.Kf3Rxb3+30.Ke4Rb231.Nc1Rxg232.Nd3Re2+33.Kf3Rh234.Kg4a535.h4b636.h5b537.hxg6hxg638.Kf3b439.Nf2a440.Ne4b341.Ng5b242.Ne6+Kf743.Kg4b1=Q44.Ng5+Ke845.Ne6Qf5#0-1
25,RatedBulletgame,https://lichess.org/nhSDfw8h,CADupin,SamuraiChess,0-1,2015.10.31,23:00:12,1412,1668,-15,6,A43,BenoniDefense:BenoniGambitAccepted,60+0,Timeforfeit,1.d4c52.dxc5Nc63.c4e64.Nc3Bxc55.Nf3a66.e4Ba77.Be2Nf68.O-OQc79.Be3O-O10.Bxa7Nxa711.Rc1Nc612.b3b613.b4h514.Qb3Ng415.c5Nce516.g3Nxf3+17.Bxf3b518.Bxg4hxg419.Rfe1Qe50-1
26,RatedBlitzgame,https://lichess.org/VwIBgDju,aljziel,r0l3t3,1-0,2015.10.31,23:00:12,1337,1304,10,-10,C45,ScotchGame,420+0,Normal,1.e4e52.Nf3Nc63.d4exd44.Nxd4d65.Nxc6bxc66.Nc3Nf67.f3Be78.Bc4O-O9.O-OBb710.Bd3Qd711.Ne2d512.e5Ne813.Re1f614.e6Qxe615.Ng3Qd616.Nf5Qc5+17.Be3Qb418.c3Qxb219.Nxe7+Kh820.Rb1Qxc321.Rxb7Nd622.Rb3Qe523.Bd2Qd4+24.Kh1Nb525.Nxc6Qc526.Ne7Nd427.Rc3Qd628.Bxh7Kxh729.Qb1+Kh830.Ng6+Kg831.Ne7+Kf732.Qg6#1-0
27,RatedClassicalgame,https://lichess.org/9MIH6H8y,Gilgamesch111,elieobeid7,0-1,2015.10.31,23:00:12,1544,1523,-12,12,C61,RuyLopez:BirdVariation,600+8,Normal,1.e4e52.Nf3Nc63.Bb5Nd44.Nxd4exd45.Bd3Bc56.h3d67.O-ONf68.a3Be69.b4Bb610.c3dxc311.Nxc3O-O12.Bb2Bd413.Rb1a614.Ne2Bxb215.Rxb2Re816.Ng3h617.Qc1Bd718.Nf5Bxf519.exf5Ne420.Bxe4Rxe421.Qc2d522.d3Rf423.d4c624.Qd2Qg525.g4Re826.f3h527.Kh2hxg428.hxg4Qh4+29.Kg2Qg530.Rbb1Rxg4+31.fxg4Qxd2+0-1
28,RatedBlitzgame,https://lichess.org/B6w7BTDy,phanarme,gmoacir,0-1,2015.10.31,23:00:11,1667,1691,-10,10,C31,King'sGambitDeclined:FalkbeerCountergambit,180+0,Normal,1.e4e52.f4d53.fxe5Qh4+4.g3Qxe4+5.Qe2Qxh16.d3Bc57.Nf3Bh38.d4Bxf19.Qxf1Qxf1+10.Kxf1Be711.Bf4Nc612.Nc3O-O-O13.a3h614.Nd2g515.Be3f616.e6h517.Ke2h418.g4Nh619.h3f520.gxf5Nxf521.Nf3Ng3+22.Kd3Rhf823.Nxg5Bxg524.Bxg5Rf3+25.Kd2Re826.Re1Nxd427.Bxh4Ngf528.Bg5Rxh329.Nxd5Rh2+30.Kd3c631.Nf6Rxe632.Rxe6Nxe633.Ne4b534.Bd2Rh3+35.Ke2Nfd4+36.Kd1Rh1+37.Be1Nf338.Nd6+Kd739.Nf50-1
29,RatedBulletgame,https://lichess.org/2uUbjWUR,o0pie,abhay101,0-1,2015.10.31,23:00:13,1325,1696,-32,3,B30,SicilianDefense:OldSicilian,120+0,Timeforfeit,1.e4c52.Nf3Nc63.c3e54.d4cxd45.cxd4exd46.Nxd4g67.Nxc6bxc68.Nc3Bg79.Bc4Nf610.Qf3O-O11.e5Ne812.O-OBxe513.Ne4d514.Nf6+Bxf615.Bd3Qd716.Re1Bg717.Bd2Qg418.Qd1Qxd119.Rexd1Bxb220.Rab1Bg721.Rb4c522.Rb5c423.Rxd5cxd324.Rd8Bb725.Rb8Rxb80-1
30,RatedBlitzgame,https://lichess.org/ZMKglhlr,palaunisi,peaopreto,0-1,2015.10.31,23:00:15,1459,1352,-14,14,C00,FrenchDefense:NormalVariation,420+0,Normal,1.d4e62.e4Bb4+3.c3Ba54.Nf3c65.Bd3b56.e5d67.O-Odxe58.dxe5Nd79.Na3Bb710.Bf4f611.Nc2fxe512.Bxe5Ngf613.Ncd4Nc514.Bxf6Qxf615.Bc2O-O-O16.b4Na417.bxa5Nxc318.Qc1c519.Nb3Ne2+20.Kh1Nxc121.Raxc1Bxf322.gxf3Qxf3+23.Kg1c424.Nc5Qg4+25.Kh1h526.a6Rd527.Ne4Qf3+28.Kg1g529.Ng3h430.Be4Qg431.f3Qxg3+32.hxg3Re533.Bb7+Kd734.Rcd1+Ke735.Bc6Kf636.g4h337.Kh2Re2+38.Kg3Rg2#0-1
31,RatedClassicalgame,https://lichess.org/aeohDU6f,Romnad,peonderey,0-1,2015.10.31,23:00:13,1403,1423,-16,11,B21,SicilianDefense:Smith-MorraGambit#2,900+0,Timeforfeit,1.e4c52.d4cxd43.Qxd4Nc64.Qa4e55.Bd2d66.Bb5Bd77.Nc3Be78.g3a69.Bxc6Bxc610.Qc4Nf611.f3O-O12.O-O-ORc813.Qe2d514.Bg5d415.h4Qa516.Nd5Bxd517.exd5Qxa218.Qxe5Qa1+19.Kd2Bb4+20.c3dxc3+21.bxc3Qxc3+22.Qxc3Bxc3+23.Ke3Rfe8+24.Kf2Rc425.Ne2h626.Bd2Bxd227.Rxd2Rd828.Nf4b529.d6b430.g4Rxf431.g5Ne4+0-1
32,RatedClassicalgame,https://lichess.org/e6thBHG7,Koen,Alexxadrez32,0-1,2015.10.31,23:00:15,1717,1722,-12,11,C45,ScotchGame,600+4,Normal,1.e4e52.Nf3Nc63.d4exd44.Nxd4Nxd45.Qxd4c56.Qd1Qb67.Nc3Bd68.f4Ne79.Qg4O-O10.f5Be511.Bc4d612.O-OBd713.Rf3Qb414.Rh3Qxc415.Qh4f616.Qxh7+Kf717.Qh5+g618.fxg6+Nxg619.Qh7+Ke820.Qxg6+Kd821.Rf3Qf722.Qxf7Rxf723.Nd5Be624.Be3b625.c3Kd726.h3Kc627.Rd1Rg828.b3f529.c4f430.Bxf4Bxd531.exd5+Kc732.Rdf1Bd4+33.Kh2Re734.g3Re2+35.Kh1Rxa236.Be3Kb737.Bxd4cxd438.Rd3Re839.Rxd4Ree240.Rf7+Ka641.Kg1Rg2+42.Kf1Rxg343.b4b544.c5Rxh345.Rg7Rh1+46.Rg1Ra1+47.Ke20-1
33,RatedClassicalgame,https://lichess.org/uhg5Z92R,lovcevgambit,bearnee,0-1,2015.10.31,23:00:02,1752,1813,-9,9,E60,"King'sIndianDefense:NormalVariation,King'sKnightVariation",720+12,Normal,1.Nf3$[%eval0.22]$1...Nf6$[%eval0.12]$2.c4$[%eval0.12]$2...g6$[%eval0.47]$3.d4$[%eval0.43]$3...Bg7$[%eval0.44]$4.Nc3$[%eval0.44]$4...O-O$[%eval0.55]$5.g3$[%eval0.12]$5...c6$[%eval0.11]$6.Bg2$[%eval0.12]$6...d5$[%eval0.15]$7.c5$[%eval-0.34]$7...b6$[%eval-0.45]$8.O-O$[%eval-0.36]$8...bxc5$[%eval-0.46]$9.dxc5$[%eval-0.52]$9...Nbd7$[%eval-0.28]$10.b4?$[%eval-1.3]$10...Rb8?$[%eval0.22]$11.a3?$[%eval-1.08]$11...Ba6?$[%eval0.01]$12.Re1?!$[%eval-0.79]$12...Ne4$[%eval-1.11]$13.Nxe4$[%eval-1.03]$13...Bxa1$[%eval-0.92]$14.Bh6$[%eval-0.96]$14...dxe4?$[%eval1.89]$15.Ng5??$[%eval-3.84]$15...Bg7$[%eval-3.68]$16.Bxg7$[%eval-3.66]$16...Kxg7$[%eval-3.69]$17.Nxe4$[%eval-3.81]$17...Rc8$[%eval-3.32]$18.Qa1+$[%eval-3.56]$18...f6$[%eval-3.29]$19.Ng5$[%eval-3.27]$19...Bc4$[%eval-3.34]$20.Qc3$[%eval-3.48]$20...Bg8$[%eval-3.47]$21.Bh3$[%eval-3.65]$21...Rc7?!$[%eval-3.08]$22.Be6$[%eval-3.34]$22...Qb8?$[%eval-2.15]$23.Bxg8$[%eval-2.18]$23...Kxg8$[%eval-1.95]$24.Ne6$[%eval-2.19]$24...Re8$[%eval-2.06]$25.Qb3$[%eval-2.03]$25...Kh8$[%eval-2.06]$26.Nxc7$[%eval-2.04]$26...Qxc7$[%eval-2.02]$27.Qf7$[%eval-1.94]$27...Qc8$[%eval-2.06]$28.Rd1?!$[%eval-2.65]$28...Ne5$[%eval-2.54]$29.Qb3$[%eval-2.57]$29...Rd8$[%eval-2.25]$30.Rc1?!$[%eval-3.14]$30...a6?!$[%eval-2.51]$31.f4$[%eval-2.75]$31...Ng4$[%eval-2.44]$32.Qf7??$[%eval-10.14]$32...Qd7$[%eval-10.03]$33.Kg2?!$[%eval#-9]$33...Qd4$[%eval#-8]$34.Qxe7$[%eval#-3]$34...Qf2+$[%eval#-2]$35.Kh3$[%eval#-2]$35...Qxh2+$[%eval#-1]$36.Kxg4$[%eval#-1]$36...Qh5#0-1
34,RatedBlitzgame,https://lichess.org/SQoGHaT0,Capitan_Morgan,viagan,1-0,2015.10.31,23:00:15,2011,1667,3,-19,A69,"BenoniDefense:FourPawnsAttack,MainLine",180+0,Normal,1.d4c52.c4Nf63.d5e64.Nc3exd55.cxd5d66.e4g67.f4Bg78.Nf3O-O9.Be2Re810.e5dxe511.fxe5Ng412.e6fxe613.d6Bd714.O-ONc615.Ne4Nd416.Nxd4Bxd4+17.Kh1Nf618.Bg5Nxe419.Bxd8Nf2+20.Rxf2Bxf221.Be7Bd422.Bc4Kg723.Qg4Bf624.Bxe6Bc625.Bxf6+Kxf626.Rf1+Ke527.Re1+Kxd628.Qf4+Ke729.Bf7+Kd730.Bxe8+Rxe831.Rxe8Kxe832.Qe5+1-0
35,RatedBulletgame,https://lichess.org/mwEMkfy8,FGR,potsy722,0-1,2015.10.31,23:00:00,1624,1903,-4,4,A01,Nimzo-LarsenAttack:ClassicalVariation,60+0,Normal,1.b3$[%eval-0.07]$1...d5$[%eval0.02]$2.Bb2$[%eval0.03]$2...c5$[%eval-0.02]$3.Bxg7??$[%eval-3.76]$3...Bxg7$[%eval-3.78]$4.c3$[%eval-3.78]$4...d4?!$[%eval-3.22]$5.Qc2$[%eval-3.52]$5...dxc3$[%eval-3.08]$6.dxc3$[%eval-3.32]$6...Nc6$[%eval-3.28]$7.Nd2$[%eval-3.46]$7...Nf6$[%eval-3.07]$8.O-O-O?!$[%eval-3.76]$8...Qa5$[%eval-3.43]$9.Nc4$[%eval-3.45]$9...Qc7$[%eval-3.53]$10.g3$[%eval-3.99]$10...Bd7?$[%eval-2.96]$11.Bg2$[%eval-3.18]$11...O-O-O$[%eval-2.93]$12.Nf3$[%eval-3.41]$12...Bg4?!$[%eval-2.54]$13.Nfe5??$[%eval-6.36]$13...Nxe5$[%eval-6.23]$14.Rxd8+?!$[%eval-6.82]$14...Rxd8$[%eval-6.53]$15.Rd1?$[%eval-7.72]$15...Nxc4$[%eval-7.64]$16.f3?$[%eval-21.69]$16...Ne3$[%eval-12.43]$17.h4$[%eval-24.76]$17...Nxc2$[%eval-25.87]$18.fxg4?!$[%eval#-7]$18...Rxd1+$[%eval#-6]$19.Kxc2$[%eval#-6]$19...Re1$[%eval#-6]$20.Bf3$[%eval#-6]$20...Qe5$[%eval#-5]$21.Kd3$[%eval#-4]$21...Nd5$[%eval#-3]$22.c4$[%eval#-2]$22...Nb4+$[%eval#-1]$23.Kd2$[%eval#-1]$23...Qc3#0-1
36,RatedBlitzgame,https://lichess.org/rdyWeTAX,thedius,JulianLescanoChess,0-1,2015.10.31,23:00:15,1537,1675,-7,7,B01,ScandinavianDefense:Mieses-KotrocVariation,180+0,Timeforfeit,1.e4d52.exd5Qxd53.Nc3Qd84.Bc4Nc65.Nd5Nf66.Nxf6+exf67.Nf3Bc58.O-OBg49.Qe2+Be710.Qe3O-O11.Qf4Bh512.d3Bd613.Qf5Bg614.Qh3Re815.Nh4Bh516.Nf5Bg617.Nh6+gxh618.Qxh6Re519.Qd2Qe720.b3Rh521.g3Ne522.Bb2Nxc423.dxc4Be524.Rfe1Re825.Bxe5Rxe526.Rxe5Qxe527.Qd7Qxa1+28.Kg2Be4+29.f3Bc630.Qxc7Qxa231.Kh3Qxc232.Qf4Qg633.g4Qh6+34.Kg2Re2+35.Kf1Qxf436.Kxe2Qxf3+37.Kd2Qxg438.Kc3Qf3+39.Kb4Qf20-1
37,RatedBullettournamenthttps://lichess.org/tournament/xZG8WDjj,https://lichess.org/mYmDu4SL,gismo160,Jaamiesen,0-1,2015.10.31,23:00:03,1921,1895,-13,12,A13,EnglishOpening:AgincourtDefense,60+0,Normal,1.c4$[%eval0.03]$1...e6$[%eval0.12]$2.Nc3$[%eval0.15]$2...Ne7$[%eval0.56]$3.g3$[%eval0.25]$3...Ng6$[%eval0.51]$4.Bg2$[%eval0.5]$4...Ne7$[%eval0.84]$5.e3$[%eval0.81]$5...c6$[%eval0.93]$6.d4$[%eval0.72]$6...d5$[%eval0.83]$7.c5?!$[%eval-0.09]$7...Ng6?!$[%eval0.55]$8.Nge2$[%eval0.29]$8...Be7$[%eval0.52]$9.a3$[%eval0.58]$9...Nd7$[%eval0.72]$10.O-O$[%eval0.35]$10...b6$[%eval0.45]$11.b4$[%eval0.41]$11...b5?$[%eval1.44]$12.e4$[%eval1.21]$12...dxe4$[%eval1.44]$13.Nxe4$[%eval1.37]$13...Nf6?!$[%eval2.16]$14.N2c3?!$[%eval1.46]$14...O-O$[%eval1.85]$15.f4?$[%eval0.53]$15...Nd5$[%eval0.64]$16.Nxd5$[%eval0.31]$16...exd5$[%eval0.27]$17.Nf2$[%eval0.23]$17...Bf6$[%eval0.33]$18.Bb2$[%eval0.31]$18...Ne7$[%eval0.66]$19.Qg4??$[%eval-6.83]$19...Bxg4$[%eval-6.84]$20.Nxg4$[%eval-6.95]$20...Nf5$[%eval-7.05]$21.Nxf6+?!$[%eval-7.86]$21...Qxf6$[%eval-7.85]$22.Rae1?!$[%eval-8.36]$22...Rfe8$[%eval-8.27]$23.g4?$[%eval-12.19]$23...Ne3$[%eval-11.85]$24.Rf3$[%eval-16.11]$24...Nxg2$[%eval-15.89]$25.Kxg2$[%eval-19.62]$0-1
38,RatedClassicalgame,https://lichess.org/Ug8EYIwR,Tizchess,Zsocesz,1-0,2015.10.31,23:00:19,1407,1608,17,-16,C20,EnglishOpening:TheWhale,480+0,Normal,1.e4e52.c4Nf63.Nc3Bb44.h3Bxc35.dxc3Nxe46.f3Qh4+7.g3Nxg38.Kd2Nxh19.Kc2d610.Be3Bf5+11.Kb3a512.Bd3Bd713.a4Nf214.Qe2Nxd315.Qxd3Be616.Rf1Bxc4+17.Qxc4Qxc4+18.Kxc4Nc619.b3O-O-O20.Ne2d5+21.Kd3Rhe822.Rg1e4+23.fxe4Ne5+24.Kc2dxe425.Bd4Nf326.Rxg7f527.Rxh7c528.Be3Rh829.Rh6Rxh630.Bxh6Ne1+31.Kb1Nd332.Bg5Kc733.Bxd8+Kxd834.h4Ke835.Kc2Kf736.Ng3Kg637.h5+Kg538.h6Kxh639.Nxf5+Kg540.Nd6Ne1+41.Kd2Nf3+42.Ke3Ne543.Nxb7Kf544.Nxa5Ng4+45.Ke2e346.Nc4Ke447.a5Nf648.a6Nd749.a71-0
39,RatedBulletgame,https://lichess.org/yyHYlHLU,gronemann,leonidrudenko,0-1,2015.10.31,23:00:20,1930,1957,-9,10,D02,Queen'sPawnGame:ZukertortVariation,60+0,Timeforfeit,1.d4d52.Nf3c63.Bg5Bf54.c4h65.cxd5hxg56.dxc6Nxc67.d5Qa5+8.Nc3Nb49.Rc1Nxa210.e4Bxe411.Bb5+Kd812.O-ONxc313.Rxc3Qxb514.d6exd615.Nd4Qd716.Qe2Nf617.f3Bc618.Nxc6+bxc619.Rd1Be720.Qa6c521.Re3Re822.Red3g423.Qa5+Kc824.fxg4Qc725.Qc3Nxg426.Qxg7Nf627.Qg3d528.Qxc7+Kxc729.Rxd5Nxd530.Rxd5Rad831.Rf5f632.h3c433.g4Kb634.Rf4Bc5+0-1
40,RatedClassicalgame,https://lichess.org/983ZTbSX,rkscott,tib0ou,0-1,2015.10.31,23:00:03,1324,1319,-11,11,D00,Queen'sPawnGame:ChigorinVariation,720+0,Timeforfeit,1.d4$[%eval0.23]$1...d5$[%eval0.16]$2.Nc3$[%eval0.01]$2...Nc6$[%eval0.38]$3.Nf3$[%eval0.04]$3...Bf5$[%eval0.04]$4.Bf4$[%eval0.0]$4...Nb4$[%eval0.32]$5.e4$[%eval0.13]$5...dxe4?!$[%eval0.7]$6.Nh4?!$[%eval-0.29]$6...Be6$[%eval-0.13]$7.Nxe4?!$[%eval-0.94]$7...Nxa2?$[%eval1.88]$8.Nc5$[%eval1.92]$8...Bd5$[%eval1.79]$9.Nxb7?$[%eval0.27]$9...Qd7??$[%eval3.79]$10.Nc5$[%eval3.63]$10...Qc6?$[%eval5.65]$11.Bd3??$[%eval1.71]$11...Nb4$[%eval2.31]$12.c3?!$[%eval1.68]$12...Nxd3+$[%eval1.5]$13.Qxd3$[%eval1.63]$13...Bxg2?$[%eval4.47]$14.Rg1?!$[%eval3.53]$14...Bh3?$[%eval6.39]$15.O-O-O??$[%eval1.2]$15...Rb8?$[%eval3.86]$16.Rg3??$[%eval0.56]$16...Qb6?!$[%eval1.33]$17.Rd2?!$[%eval0.37]$17...Bc8$[%eval0.28]$18.Bg5?!$[%eval-0.62]$18...f6$[%eval-0.39]$19.Be3$[%eval-0.53]$19...Nh6?$[%eval1.33]$20.Qc4?$[%eval-1.46]$20...e6??$[%eval1.91]$21.Nxe6??$[%eval-3.05]$21...Bxe6?$[%eval-0.58]$22.d5$[%eval-0.71]$22...Nf5??$[%eval16.6]$23.dxe6??$[%eval1.98]$23...Nxg3??$[%eval17.3]$24.Qa4+??$[%eval-1.51]$24...Qb5$[%eval-1.58]$25.Qxb5+$[%eval-1.7]$25...Rxb5$[%eval-1.64]$26.Bxa7??$[%eval-4.93]$26...Ne4$[%eval-4.97]$27.Rd7$[%eval-5.36]$27...Be7?$[%eval-4.02]$28.Rxc7$[%eval-4.01]$28...Ra5?$[%eval-1.43]$29.Nf3?$[%eval-3.15]$29...Ra1+?!$[%eval-2.54]$30.Kc2$[%eval-2.81]$30...O-O?$[%eval0.18]$31.Rxe7$[%eval0.0]$31...Nd6?!$[%eval0.53]$32.Nh4??$[%eval-3.12]$32...Nc8$[%eval-3.14]$33.Bc5$[%eval-2.99]$33...Nxe7$[%eval-3.06]$34.Ng6??$[%eval-9.41]$34...Nxg6$[%eval-8.99]$35.Bxf8$[%eval-9.08]$35...Kxf8$[%eval-9.25]$36.c4?!$[%eval-10.1]$36...Ke7$[%eval-10.26]$0-1
41,RatedBullettournamenthttps://lichess.org/tournament/xZG8WDjj,https://lichess.org/WzyRni7A,brendan14,Alfiereblu,1-0,2015.10.31,23:00:03,1663,1643,12,-11,B01,ScandinavianDefense:Blackburne-KloosterboerGambit,60+0,Timeforfeit,1.e4$[%eval0.2]$1...d5$[%eval0.63]$2.exd5$[%eval0.56]$2...c6$[%eval0.73]$3.Nc3?!$[%eval0.12]$3...Bf5?!$[%eval0.66]$4.dxc6$[%eval0.71]$4...Nxc6$[%eval0.6]$5.d3$[%eval0.54]$5...e6$[%eval0.62]$6.Nf3$[%eval0.56]$6...Bb4$[%eval0.72]$7.g3$[%eval0.65]$7...Bxc3+?!$[%eval1.2]$8.bxc3$[%eval1.17]$8...Bg4$[%eval1.25]$9.Bg2$[%eval1.24]$9...Nf6$[%eval1.25]$10.O-O$[%eval1.29]$10...Ne5$[%eval1.37]$11.h3$[%eval1.22]$11...Bh5?$[%eval2.97]$12.g4$[%eval2.94]$12...Nxf3+$[%eval3.05]$13.Qxf3$[%eval3.25]$13...Bg6$[%eval3.23]$14.Bg5?!$[%eval2.38]$14...O-O$[%eval2.33]$15.Bxf6?!$[%eval1.77]$15...Qxf6?!$[%eval2.32]$16.Qxf6$[%eval2.4]$16...gxf6$[%eval2.32]$17.Rad1?$[%eval0.75]$17...Rac8$[%eval0.82]$18.c4$[%eval0.75]$18...Rfd8?$[%eval1.94]$19.Bxb7$[%eval1.89]$19...Rb8?!$[%eval2.44]$20.Bg2?$[%eval1.24]$20...Rb2$[%eval1.14]$21.Rd2$[%eval1.15]$21...Rxa2$[%eval1.22]$22.Rfd1$[%eval0.86]$22...Rb8$[%eval1.0]$23.Kh2$[%eval0.78]$23...Rbb2$[%eval0.84]$24.Be4?$[%eval-0.66]$24...f5?$[%eval1.07]$25.Bc6?$[%eval-0.51]$25...fxg4$[%eval-0.32]$26.hxg4$[%eval-0.41]$26...f5?$[%eval0.85]$27.gxf5$[%eval0.66]$27...Bxf5$[%eval0.64]$28.Kg3$[%eval0.46]$28...Kg7$[%eval0.9]$29.f4?!$[%eval0.37]$29...h5$[%eval0.85]$30.Re1?!$[%eval-0.01]$30...Kf6?!$[%eval0.65]$31.Ree2?!$[%eval-0.17]$31...Bxd3?$[%eval2.63]$32.Rxd3$[%eval2.78]$32...Rxc2$[%eval2.74]$33.Rxc2$[%eval2.32]$33...Rxc2$[%eval2.32]$34.Rd4?!$[%eval1.8]$34...Re2?!$[%eval2.77]$35.Be4$[%eval2.92]$35...Re1?!$[%eval3.64]$36.Kf3?!$[%eval2.68]$36...Rf1+$[%eval2.25]$37.Ke3$[%eval3.12]$37...e5?$[%eval5.24]$38.fxe5+?$[%eval3.88]$38...Kxe5$[%eval3.74]$39.Bd5??$[%eval0.06]$1-0
42,RatedBullettournamenthttps://lichess.org/tournament/xZG8WDjj,https://lichess.org/F2BpsriB,asilver,onelove,1-0,2015.10.31,23:00:03,1973,2009,12,-14,D02,Queen'sPawnGame:ZukertortVariation,60+0,Timeforfeit,1.d4$[%eval0.19]$1...d5$[%eval0.18]$2.Nf3$[%eval0.12]$2...c6$[%eval0.31]$3.Bg5$[%eval0.13]$3...Bf5$[%eval0.08]$4.e3$[%eval0.06]$4...Nd7$[%eval0.12]$5.Bd3$[%eval0.15]$5...Bxd3$[%eval0.13]$6.Qxd3$[%eval0.15]$6...Ngf6$[%eval0.18]$7.c3$[%eval0.05]$7...Qc7$[%eval0.15]$8.Nbd2$[%eval0.14]$8...e5$[%eval0.5]$9.dxe5$[%eval0.18]$9...Nxe5$[%eval0.17]$10.Nxe5$[%eval0.18]$10...Qxe5$[%eval0.26]$11.Nf3$[%eval0.01]$11...Qc7?!$[%eval0.86]$12.Bxf6$[%eval0.82]$12...gxf6$[%eval0.82]$13.O-O-O$[%eval0.71]$13...Be7$[%eval0.89]$14.Nd4$[%eval0.54]$14...O-O-O$[%eval0.53]$15.Nf5$[%eval0.51]$15...Rhg8$[%eval0.67]$16.Nxe7+$[%eval0.87]$16...Qxe7$[%eval0.77]$17.g3$[%eval0.5]$17...Rg6$[%eval0.53]$18.h4$[%eval0.37]$18...h5?$[%eval1.45]$19.Rhf1?$[%eval0.24]$19...Qe6$[%eval0.25]$20.Kb1$[%eval0.27]$20...Rdg8$[%eval0.36]$21.Qd4$[%eval0.32]$21...f5?$[%eval1.38]$22.Qxa7$[%eval1.48]$22...Kc7$[%eval1.66]$23.Qa5+$[%eval1.34]$23...Kb8$[%eval1.43]$24.Rd4$[%eval1.46]$24...Rg4$[%eval1.45]$25.Rfd1$[%eval1.42]$25...Re4$[%eval1.62]$26.Ra4$[%eval1.34]$26...Rxa4$[%eval1.34]$27.Qxa4$[%eval1.24]$27...Rg4$[%eval1.44]$28.Qa5?!$[%eval0.67]$28...Qe4+$[%eval0.65]$29.Ka1?!$[%eval0.0]$29...Qc4?!$[%eval0.65]$30.a3?!$[%eval0.0]$30...Re4?$[%eval1.05]$31.Qd8+$[%eval0.56]$31...Ka7$[%eval0.46]$32.Rd4$[%eval0.0]$32...Rxd4$[%eval0.0]$33.exd4$[%eval0.0]$33...Qf1+$[%eval0.0]$34.Ka2$[%eval0.0]$34...Qxf2$[%eval0.44]$35.Qa5+$[%eval0.38]$35...Kb8$[%eval0.37]$36.Qd8+$[%eval0.43]$36...Ka7$[%eval0.57]$37.Qd6$[%eval0.57]$37...Kb6$[%eval0.56]$38.Qb4+$[%eval0.66]$38...Kc7$[%eval0.64]$39.a4?!$[%eval0.0]$39...Qe3?!$[%eval0.99]$40.a5$[%eval0.65]$1-0
43,RatedClassicalgame,https://lichess.org/XyhQDFqk,juantsu23,quaracique77,0-1,2015.10.31,23:00:21,1724,1782,-9,10,B25,"SicilianDefense:ClosedVariation,Traditional",600+0,Normal,1.e4c52.Nc3Nc63.Bb5e64.Bxc6bxc65.d3d56.Nf3d47.Ne2Nf68.O-OBe79.c3O-O10.cxd4cxd411.Nexd4c512.Ne2a513.Bg5Ba614.Ne1Qd615.b3Rfd816.Nc1Nxe417.Bxe7Qxe718.Qf3Ng519.Qe3Qf620.Rb1Rac821.Nf3Nxf3+22.Qxf3Qxf323.gxf3Rxd324.Nxd3Bxd325.Rbc1Bxf126.Kxf1f527.Ke2Kf728.Kd3Kf629.Kc4Ke530.Kb5Kf431.Rxc5Rxc5+32.Kxc5Kxf333.a4Kxf234.b4e535.b5e436.b6e337.b7e238.b8=Qe1=Q39.Qf4+Kg240.Qg5+Kxh241.Qh5+Kg242.Qg5+Qg343.Qxg3+Kxg344.Kb5f445.Kxa5f30-1
44,RatedClassicaltournamenthttps://lichess.org/tournament/gjw90BZZ,https://lichess.org/al1El6Pr,Ernilton_Ferraz,chiproller,1-0,2015.10.31,23:00:03,1242,1328,15,-66,B20,SicilianDefense,600+0,Normal,1.e4$[%eval0.22]$1...c5$[%eval0.23]$2.e5$[%eval-0.19]$2...d6$[%eval0.0]$3.Nf3$[%eval-0.09]$3...Nc6$[%eval-0.04]$4.Qe2$[%eval-0.31]$4...Bg4$[%eval-0.37]$5.h3?!$[%eval-0.99]$5...Bxf3?!$[%eval-0.31]$6.Qxf3$[%eval-0.26]$6...Nd4$[%eval0.14]$7.Qd1$[%eval-0.35]$7...dxe5$[%eval-0.42]$8.c3$[%eval-0.4]$8...Ne6??$[%eval8.18]$9.Bb5+$[%eval8.27]$9...Qd7$[%eval8.32]$10.Bxd7+$[%eval8.26]$10...Kxd7$[%eval8.09]$11.Qa4+$[%eval7.86]$11...Kc7$[%eval8.27]$12.d4$[%eval8.19]$12...exd4$[%eval8.56]$13.cxd4$[%eval8.47]$13...cxd4$[%eval8.9]$14.O-O?$[%eval7.87]$14...Nf6$[%eval8.44]$15.g3?$[%eval7.04]$15...Nc5?$[%eval10.68]$16.Qc4?$[%eval8.55]$16...Nd7?$[%eval9.65]$17.Bf4+?$[%eval7.24]$17...e5$[%eval7.29]$18.Bd2$[%eval7.26]$18...Rc8?!$[%eval8.11]$19.Na3?$[%eval5.85]$19...Kb8$[%eval6.05]$20.Qxf7$[%eval6.5]$20...Ne4?$[%eval7.75]$21.Ba5?$[%eval6.63]$21...Nec5??$[%eval10.16]$22.b4$[%eval9.99]$22...Nb3$[%eval17.19]$23.Rae1?$[%eval7.84]$23...Nd2?$[%eval13.0]$24.Qxd7$[%eval13.36]$24...Nxf1$[%eval17.12]$25.Kxf1$[%eval14.16]$25...b6?!$[%eval#7]$26.Rxe5?!$[%eval21.72]$26...bxa5?!$[%eval#2]$27.Rxa5?!$[%eval#6]$27...a6$[%eval#6]$28.Rxa6$[%eval#5]$28...Rc7$[%eval#2]$29.Qd8+$[%eval#1]$29...Kb7$[%eval#1]$30.Qa8#1-0
45,RatedClassicalgame,https://lichess.org/Brv4boNH,bog601,materuso1,1/2-1/2,2015.10.31,23:00:03,1726,1739,0,-1,B00,"NimzowitschDefense:ScandinavianVariation,BogoljubovVariation",300+8,Normal,1.e4$[%eval0.21]$1...Nc6$[%eval0.39]$2.d4$[%eval0.39]$2...d5$[%eval0.34]$3.Nc3$[%eval0.28]$3...dxe4$[%eval0.16]$4.Nxe4?!$[%eval-0.39]$4...e6?$[%eval0.66]$5.Nf3$[%eval0.57]$5...Nf6$[%eval0.65]$6.Bg5$[%eval0.47]$6...Be7$[%eval0.47]$7.Bb5??$[%eval-2.93]$7...O-O??$[%eval0.45]$8.Nxf6+$[%eval0.36]$8...Bxf6$[%eval0.43]$9.Be3?!$[%eval-0.13]$9...Bd7$[%eval0.12]$10.O-O$[%eval0.12]$10...a6$[%eval0.15]$11.Bc4$[%eval0.15]$11...b5$[%eval0.1]$12.Bb3$[%eval0.06]$12...Na5$[%eval0.0]$13.d5?!$[%eval-0.73]$13...Nxb3$[%eval-0.75]$14.axb3$[%eval-1.04]$14...Bxb2$[%eval-0.94]$15.Ra2$[%eval-1.05]$15...Bf6$[%eval-1.02]$16.dxe6$[%eval-1.04]$16...Bxe6$[%eval-1.14]$17.Qe2$[%eval-1.29]$17...c5?!$[%eval-0.53]$18.Bxc5$[%eval-0.7]$18...Be7?!$[%eval0.09]$19.Bxe7$[%eval0.02]$19...Qxe7$[%eval0.03]$20.Nd4$[%eval0.0]$20...Rfe8$[%eval0.0]$21.Nxe6$[%eval0.0]$21...Qxe6$[%eval0.0]$22.Qxe6$[%eval0.0]$22...Rxe6$[%eval0.0]$23.Rfa1$[%eval0.0]$23...g6$[%eval0.0]$24.Kf1$[%eval0.0]$24...b4$[%eval0.13]$25.Ra4$[%eval0.08]$25...Rb6$[%eval0.2]$26.Ke2$[%eval-0.06]$26...Rc6$[%eval0.17]$27.Kd3?$[%eval-0.86]$27...Rd8+$[%eval-0.89]$28.Ke3$[%eval-0.96]$28...Rc3+$[%eval-0.91]$29.Ke4$[%eval-0.92]$29...Rxc2$[%eval-0.81]$30.Rxb4?!$[%eval-1.61]$30...Rxf2$[%eval-1.71]$31.Rxa6$[%eval-1.65]$31...Rxg2$[%eval-1.62]$32.Rb7$[%eval-1.62]$32...Rxh2$[%eval-1.56]$33.Kf4?!$[%eval-2.21]$33...Rhd2$[%eval-1.96]$34.Raa7$[%eval-2.32]$34...Rf8$[%eval-2.0]$35.b4$[%eval-1.89]$35...h5$[%eval-1.98]$36.b5$[%eval-2.0]$36...h4$[%eval-2.01]$37.Kg4$[%eval-2.22]$37...Rd4+$[%eval-1.72]$38.Kh3$[%eval-1.8]$38...Rb4$[%eval-1.85]$39.Ra3?$[%eval-3.39]$39...Re8?$[%eval-2.34]$40.Rf3$[%eval-2.56]$40...f5?$[%eval-1.53]$41.Rd3$[%eval-0.13]$41...Kf8$[%eval-0.25]$42.Rdd7$[%eval-0.21]$42...Rbe4$[%eval0.0]$43.Rf7+$[%eval0.0]$43...Kg8$[%eval0.0]$44.Rg7+$[%eval0.0]$44...Kh8$[%eval0.0]$45.Rh7+$[%eval0.0]$45...Kg8$[%eval0.0]$46.Rbg7+$[%eval0.0]$46...Kf8$[%eval0.0]$47.Rxg6$[%eval-0.07]$47...R8e7$[%eval0.0]$48.Rxh4$[%eval0.0]$48...Rxh4+$[%eval0.0]$49.Kxh4$[%eval0.0]$49...Kf7$[%eval0.0]$50.Kg5$[%eval0.0]$50...Rb7$[%eval0.06]$51.Rf6+$[%eval0.06]$51...Ke7$[%eval0.06]$52.Rxf5$[%eval0.05]$52...Kd6$[%eval0.0]$53.Kf4$[%eval0.0]$53...Kc7$[%eval0.0]$54.Ke4$[%eval0.03]$54...Kb6$[%eval0.0]$55.Kd4$[%eval0.0]$55...Ka5$[%eval0.04]$56.Kc4$[%eval0.04]$56...Rc7+$[%eval0.0]$57.Kb3$[%eval0.0]$57...Rb7$[%eval0.06]$1/2-1/2
46,RatedBullettournamenthttps://lichess.org/tournament/xZG8WDjj,https://lichess.org/k5CdkR7Z,ACTGACTA,hillmj,1-0,2015.10.31,23:00:03,1532,1523,12,-12,C00,FrenchDefense:SteinitzAttack,60+0,Timeforfeit,1.e4$[%eval0.15]$1...e6$[%eval0.18]$2.e5$[%eval-0.19]$2...Ne7$[%eval0.18]$3.Nh3?!$[%eval-0.38]$3...Ng6$[%eval-0.25]$4.Bd3?$[%eval-1.27]$4...Nxe5$[%eval-1.06]$5.Qh5?$[%eval-2.49]$5...Nxd3+$[%eval-2.49]$6.cxd3$[%eval-2.48]$6...d5$[%eval-2.35]$7.Ng5?!$[%eval-3.22]$7...Be7??$[%eval3.36]$8.Qxf7+$[%eval3.24]$8...Kd7$[%eval3.24]$9.Qxe6+$[%eval3.23]$9...Ke8$[%eval3.24]$10.Qf7+$[%eval3.27]$10...Kd7$[%eval3.33]$11.Qxd5+$[%eval3.25]$11...Ke8$[%eval1.97]$12.Qf7+$[%eval1.93]$12...Kd7$[%eval2.02]$13.O-O?!$[%eval1.4]$13...Rf8$[%eval1.41]$14.Qd5+$[%eval1.3]$14...Ke8$[%eval1.38]$15.Qxd8+?!$[%eval0.58]$15...Bxd8?$[%eval1.63]$16.Nxh7??$[%eval-1.43]$16...Rh8$[%eval-1.47]$17.Re1+$[%eval-1.42]$17...Be7?$[%eval1.42]$18.Ng5$[%eval1.6]$18...Bd7?!$[%eval2.44]$19.Nf3?!$[%eval1.6]$19...Nc6$[%eval1.52]$20.d4$[%eval1.48]$20...Kf7?!$[%eval2.27]$21.d3?!$[%eval1.44]$21...Bd6$[%eval1.68]$22.Be3?!$[%eval0.99]$22...Bg4?!$[%eval1.81]$23.d5?$[%eval0.37]$23...Ne7?$[%eval1.74]$24.Bd4?$[%eval-0.79]$24...Bxf3$[%eval-0.88]$25.gxf3$[%eval-1.02]$25...Rxh2$[%eval-1.1]$26.Re4?!$[%eval-1.74]$26...Nxd5?$[%eval0.0]$27.Rg4?$[%eval-1.65]$27...Rxf2??$[%eval6.44]$28.Rxg7+$[%eval6.2]$28...Ke6$[%eval6.34]$29.Rg6+?$[%eval4.06]$29...Kd7?$[%eval5.81]$30.Rg7+$[%eval5.79]$30...Kc6$[%eval5.82]$31.Rg6??$[%eval-1.88]$1-0
47,RatedBulletgame,https://lichess.org/cLrpt1UL,AjedrezArg,Didjou,1-0,2015.10.31,23:00:17,1776,2056,18,-20,B06,ModernDefense,60+0,Timeforfeit,1.e4$[%eval0.25]$1...g6$[%eval0.58]$2.g3?!$[%eval-0.02]$2...Bg7$[%eval0.08]$3.Bg2$[%eval-0.03]$3...d6$[%eval0.27]$4.Ne2$[%eval0.12]$4...Nf6$[%eval0.29]$5.O-O$[%eval0.08]$5...O-O$[%eval0.22]$6.c3$[%eval0.15]$6...e5$[%eval0.09]$7.d4$[%eval0.07]$7...Nc6$[%eval0.43]$8.Bg5$[%eval0.29]$8...exd4$[%eval0.75]$9.cxd4$[%eval0.75]$9...Qe8$[%eval0.96]$10.Qd2?$[%eval-1.22]$10...Bg4?$[%eval1.01]$11.f3$[%eval1.02]$11..
